{
	"format_version": "1.8.0",
	"animations": {
		"animation.dilo.walk": {
			"loop": true,
			"animation_length": 2,
			"bones": {
				"Body": {
					"rotation": {
						"0.0": {
								"vector": [4.99527, -0.21782, 2.4905]
							
						},
						"0.4583": {
								"vector": [-2.5, 0, 0]
							
						},
						"1.0833": {
								"vector": [4.99527, 0.21782, -2.4905]
							
						},
						"1.5417": {
								"vector": [-2.5, 0, 0]
							
						},
						"2.0": {
								"vector": [4.99527, -0.21782, 2.4905]
							
						}
					}
				},
				"Tail1": {
					"rotation": {
						"0.0": {
								"vector": [3.74, 10.19, 0.91]
							
						},
						"0.0833": {
								"vector": [5.12076, 12.45167, 1.10693]
							
						},
						"0.5417": {
								"vector": [-2.5, 0, 0]
							
						},
						"1.1667": {
								"vector": [5.12076, -12.45167, -1.10693]
							
						},
						"1.625": {
								"vector": [-2.5, 0, 0]
							
						},
						"2.0": {
								"vector": [3.74, 10.19, 0.91]
							
						}
					}
				},
				"Tail2": {
					"rotation": {
						"0.0": {
								"vector": [2.35, 7.92, 0.7]
							
						},
						"0.1667": {
								"vector": [5.12076, 12.45167, 1.10693]
							
						},
						"0.625": {
								"vector": [-2.5, 0, 0]
							
						},
						"1.25": {
								"vector": [5.12076, -12.45167, -1.10693]
							
						},
						"1.7083": {
								"vector": [-2.5, 0, 0]
							
						},
						"2.0": {
								"vector": [2.35, 7.92, 0.7]
							
						}
					}
				},
				"Neck": {
					"rotation": {
						"0.0": {
								"vector": [3.64, 0, 0]
							
						},
						"0.0833": {
								"vector": [5, 0, 0]
							
						},
						"0.5417": {
								"vector": [-2.5, 0, 0]
							
						},
						"1.1667": {
								"vector": [5, 0, 0]
							
						},
						"1.625": {
								"vector": [-2.5, 0, 0]
							
						},
						"2.0": {
								"vector": [3.64, 0, 0]
							
						}
					}
				},
				"Head": {
					"rotation": {
						"0.0": {
								"vector": [2.27, 0, 0]
							
						},
						"0.1667": {
								"vector": [5, 0, 0]
							
						},
						"0.625": {
								"vector": [-2.5, 0, 0]
							
						},
						"1.25": {
								"vector": [5, 0, 0]
							
						},
						"1.7083": {
								"vector": [-2.5, 0, 0]
							
						},
						"2.0": {
								"vector": [2.27, 0, 0]
							
						}
					}
				},
				"Armleft": {
					"rotation": {
						"0.0": {
								"vector": [3.64, 0, 0]
							
						},
						"0.0833": {
								"vector": [5, 0, 0]
							
						},
						"0.5417": {
								"vector": [-2.5, 0, 0]
							
						},
						"1.1667": {
								"vector": [5, 0, 0]
							
						},
						"1.625": {
								"vector": [-2.5, 0, 0]
							
						},
						"2.0": {
								"vector": [3.64, 0, 0]
							
						}
					}
				},
				"Armright": {
					"rotation": {
						"0.0": {
								"vector": [2.27, 0, 0]
							
						},
						"0.1667": {
								"vector": [5, 0, 0]
							
						},
						"0.625": {
								"vector": [-2.5, 0, 0]
							
						},
						"1.25": {
								"vector": [5, 0, 0]
							
						},
						"1.7083": {
								"vector": [-2.5, 0, 0]
							
						},
						"2.0": {
								"vector": [2.27, 0, 0]
							
						}
					}
				},
				"Thigleft": {
					"rotation": {
						"0.0": {
								"vector": [-10, 0, 0]
							
						},
						"1.0": {
								"vector": [32.5, 0, 0]
							
						},
						"2.0": {
								"vector": [-10, 0, 0]
							
						}
					}
				},
				"Thigright": {
					"rotation": {
						"0.0": {
								"vector": [32.5, 0, 0]
							
						},
						"1.0": {
								"vector": [-10, 0, 0]
							
						},
						"2.0": {
								"vector": [32.5, 0, 0]
							
						}
					}
				}
			}
		},
		"animation.dilo.idle": {
			"loop": true,
			"animation_length": 12,
			"bones": {
				"Body": {
					"rotation": {
						"0.0": {
								"vector": [5, 0, 0]
							
						},
						"1.5": {
								"vector": [-2.5, 0, 0]
							
						},
						"3.0": {
								"vector": [5, 0, 0]
							
						},
						"4.2083": {
								"vector": [-20, 0, 0]
							
						},
						"4.875": {
								"vector": [-20, 0, 0]
							
						},
						"5.7083": {
								"vector": [-22.09248, -4.63455, 1.87846]
							
						},
						"6.375": {
								"vector": [-22.30837, 4.8397, -1.98404]
							
						},
						"7.0": {
								"vector": [-22.30837, 4.8397, -1.98404]
							
						},
						"9.0": {
								"vector": [5, 0, 0]
							
						},
						"10.5": {
								"vector": [-2.5, 0, 0]
							
						},
						"12.0": {
								"vector": [5, 0, 0]
							
						}
					}
				},
				"Tail1": {
					"rotation": {
						"0.0": {
								"vector": [4.58, 0, 0]
							
						},
						"0.0833": {
								"vector": [5, 0, 0]
							
						},
						"1.5833": {
								"vector": [-2.5, 0, 0]
							
						},
						"3.0833": {
								"vector": [5, 0, 0]
							
						},
						"4.2917": {
								"vector": [-12.5, 0, 0]
							
						},
						"4.9583": {
								"vector": [-12.5, 0, 0]
							
						},
						"5.7917": {
								"vector": [-14.59248, -4.63455, 1.87846]
							
						},
						"6.4583": {
								"vector": [-17.30837, 4.8397, -1.98404]
							
						},
						"7.0833": {
								"vector": [-12.30837, 4.8397, -1.98404]
							
						},
						"7.5833": {
								"vector": [-15, 0, 0]
							
						},
						"9.0833": {
								"vector": [5, 0, 0]
							
						},
						"10.5833": {
								"vector": [-2.5, 0, 0]
							
						},
						"12.0": {
								"vector": [4.58, 0, 0]
							
						}
					}
				},
				"Tail2": {
					"rotation": {
						"0.0": {
								"vector": [4.17, 0, 0]
							
						},
						"0.1667": {
								"vector": [5, 0, 0]
							
						},
						"1.6667": {
								"vector": [-2.5, 0, 0]
							
						},
						"3.1667": {
								"vector": [5, 0, 0]
							
						},
						"4.6667": {
								"vector": [-2.5, 0, 0]
							
						},
						"6.1667": {
								"vector": [5, 0, 0]
							
						},
						"7.6667": {
								"vector": [-2.5, 0, 0]
							
						},
						"9.1667": {
								"vector": [5, 0, 0]
							
						},
						"10.6667": {
								"vector": [-2.5, 0, 0]
							
						},
						"12.0": {
								"vector": [4.17, 0, 0]
							
						}
					}
				},
				"Neck": {
					"rotation": {
						"0.0": {
								"vector": [4.58, 0, 0]
							
						},
						"0.0833": {
								"vector": [5, 0, 0]
							
						},
						"1.5833": {
								"vector": [-2.5, 0, 0]
							
						},
						"3.0833": {
								"vector": [5, 0, 0]
							
						},
						"4.5833": {
								"vector": [-2.5, 0, 0]
							
						},
						"4.9583": {
								"vector": [-6.34745, 0, 0]
							
						},
						"5.25": {
								"vector": [4.35185, 0, 0]
							
						},
						"5.7083": {
								"vector": [-6.34745, 0, 0]
							
						},
						"6.0833": {
								"vector": [4.35185, 0, 0]
							
						},
						"6.375": {
								"vector": [-6.34745, 0, 0]
							
						},
						"6.75": {
								"vector": [4.35185, 0, 0]
							
						},
						"7.125": {
								"vector": [-6.34745, 0, 0]
							
						},
						"8.2917": {
								"vector": [15.69159, 0, 0]
							
						},
						"9.0833": {
								"vector": [5, 0, 0]
							
						},
						"10.5833": {
								"vector": [-2.5, 0, 0]
							
						},
						"12.0": {
								"vector": [4.58, 0, 0]
							
						}
					}
				},
				"Head": {
					"rotation": {
						"0.0": {
								"vector": [4.17, 0, 0]
							
						},
						"0.1667": {
								"vector": [5, 0, 0]
							
						},
						"1.6667": {
								"vector": [-2.5, 0, 0]
							
						},
						"3.1667": {
								"vector": [5, 0, 0]
							
						},
						"4.6667": {
								"vector": [-2.5, 0, 0]
							
						},
						"5.0417": {
								"vector": [4.35185, 0, 0]
							
						},
						"5.3333": {
								"vector": [4.35185, 0, 0]
							
						},
						"5.7917": {
								"vector": [-6.34745, 0, 0]
							
						},
						"6.1667": {
								"vector": [4.35185, 0, 0]
							
						},